{
  "accuracy_mean": 0.64396,
  "accuracy_std": 0.07447935552889808,
  "accuracy_values": [
    0.6429,
    0.6923,
    0.5,
    0.6923,
    0.6923
  ],
  "precision_mean": 0.6757,
  "precision_std": 0.0934061454081047,
  "precision_values": [
    0.6905,
    0.7714,
    0.5,
    0.7333,
    0.6833
  ],
  "recall_mean": 0.65998,
  "recall_std": 0.08601007847921077,
  "recall_values": [
    0.65,
    0.7333,
    0.5,
    0.7333,
    0.6833
  ],
  "f1_mean": 0.64232,
  "f1_std": 0.07799139439707434,
  "f1_values": [
    0.6561,
    0.6389,
    0.5,
    0.7333,
    0.6833
  ],
  "auc_macro_mean": 0.70536,
  "auc_macro_std": 0.08124950707542783,
  "auc_macro_values": [
    0.7111,
    0.6722,
    0.5694,
    0.7917,
    0.7824
  ],
  "auc_micro_mean": 0.74568,
  "auc_micro_std": 0.08001455867528107,
  "auc_micro_values": [
    0.7781,
    0.7574,
    0.5893,
    0.8077,
    0.7959
  ]
}