{
  "models": [
    {
      "model_name": "SwinGait (UF)",
      "summary": {
        "accuracy_mean": 0.4909,
        "accuracy_std": 0.09274332320981386,
        "accuracy_values": [
          0.4545,
          0.6364,
          0.4545,
          0.5455,
          0.3636
        ],
        "precision_mean": 0.43048000000000003,
        "precision_std": 0.14118538734585814,
        "precision_values": [
          0.3095,
          0.6389,
          0.3651,
          0.5556,
          0.2833
        ],
        "recall_mean": 0.50558,
        "recall_std": 0.08497843020437598,
        "recall_values": [
          0.4167,
          0.6389,
          0.5,
          0.5556,
          0.4167
        ],
        "f1_mean": 0.45176,
        "f1_std": 0.12054449137144344,
        "f1_values": [
          0.34850000000000003,
          0.6389,
          0.39049999999999996,
          0.5476,
          0.3333
        ],
        "auc_macro_mean": 0.64726,
        "auc_macro_std": 0.10308754725959872,
        "auc_macro_values": [
          0.7302,
          0.7163,
          0.5933,
          0.7282,
          0.4683
        ],
        "auc_micro_mean": 0.6562000000000001,
        "auc_micro_std": 0.09323168989136686,
        "auc_micro_values": [
          0.686,
          0.7562,
          0.624,
          0.7231,
          0.4917
        ]
      },
      "individual_results": [
        {
          "model_name": "SwinGait (UF)",
          "fold": 1,
          "checkpoint_iter": 1500,
          "accuracy": 0.4545,
          "precision": 0.3095,
          "recall": 0.4167,
          "f1": 0.34850000000000003,
          "auc_macro": 0.7302,
          "auc_micro": 0.686,
          "note": "Best checkpoint"
        },
        {
          "model_name": "SwinGait (UF)",
          "fold": 2,
          "checkpoint_iter": 500,
          "accuracy": 0.6364,
          "precision": 0.6389,
          "recall": 0.6389,
          "f1": 0.6389,
          "auc_macro": 0.7163,
          "auc_micro": 0.7562,
          "note": "Best checkpoint"
        },
        {
          "model_name": "SwinGait (UF)",
          "fold": 3,
          "checkpoint_iter": 2000,
          "accuracy": 0.4545,
          "precision": 0.3651,
          "recall": 0.5,
          "f1": 0.39049999999999996,
          "auc_macro": 0.5933,
          "auc_micro": 0.624,
          "note": "Best checkpoint"
        },
        {
          "model_name": "SwinGait (UF)",
          "fold": 4,
          "checkpoint_iter": 500,
          "accuracy": 0.5455,
          "precision": 0.5556,
          "recall": 0.5556,
          "f1": 0.5476,
          "auc_macro": 0.7282,
          "auc_micro": 0.7231,
          "note": "Best checkpoint"
        },
        {
          "model_name": "SwinGait (UF)",
          "fold": 5,
          "checkpoint_iter": 9000,
          "accuracy": 0.3636,
          "precision": 0.2833,
          "recall": 0.4167,
          "f1": 0.3333,
          "auc_macro": 0.4683,
          "auc_micro": 0.4917,
          "note": "Best checkpoint"
        }
      ]
    },
    {
      "model_name": "p+CNN",
      "summary": {
        "accuracy_mean": 0.5846199999999999,
        "accuracy_std": 0.0871857878326508,
        "accuracy_values": [
          0.5714,
          0.6154,
          0.4286,
          0.6154,
          0.6923
        ],
        "precision_mean": 0.56942,
        "precision_std": 0.130905300121882,
        "precision_values": [
          0.6111,
          0.4083,
          0.42219999999999996,
          0.7222,
          0.6833
        ],
        "recall_mean": 0.58556,
        "recall_std": 0.09456831604718359,
        "recall_values": [
          0.5832999999999999,
          0.6667000000000001,
          0.4167,
          0.5778,
          0.6833
        ],
        "f1_mean": 0.55426,
        "f1_std": 0.08906156522316461,
        "f1_values": [
          0.5742,
          0.5064,
          0.4165,
          0.5909,
          0.6833
        ],
        "auc_macro_mean": 0.7557400000000001,
        "auc_macro_std": 0.07903259074584357,
        "auc_macro_values": [
          0.7556,
          0.7361,
          0.6296,
          0.875,
          0.7824
        ],
        "auc_micro_mean": 0.7794399999999999,
        "auc_micro_std": 0.07442477007018562,
        "auc_micro_values": [
          0.8265,
          0.8107,
          0.6327,
          0.8314,
          0.7959
        ]
      },
      "individual_results": [
        {
          "model_name": "p+CNN",
          "fold": 1,
          "checkpoint_iter": 1500,
          "accuracy": 0.5714,
          "precision": 0.6111,
          "recall": 0.5832999999999999,
          "f1": 0.5742,
          "auc_macro": 0.7556,
          "auc_micro": 0.8265,
          "note": "Best checkpoint"
        },
        {
          "model_name": "p+CNN",
          "fold": 2,
          "checkpoint_iter": 500,
          "accuracy": 0.6154,
          "precision": 0.4083,
          "recall": 0.6667000000000001,
          "f1": 0.5064,
          "auc_macro": 0.7361,
          "auc_micro": 0.8107,
          "note": "Best checkpoint"
        },
        {
          "model_name": "p+CNN",
          "fold": 3,
          "checkpoint_iter": 5000,
          "accuracy": 0.4286,
          "precision": 0.42219999999999996,
          "recall": 0.4167,
          "f1": 0.4165,
          "auc_macro": 0.6296,
          "auc_micro": 0.6327,
          "note": "Best checkpoint"
        },
        {
          "model_name": "p+CNN",
          "fold": 4,
          "checkpoint_iter": 500,
          "accuracy": 0.6154,
          "precision": 0.7222,
          "recall": 0.5778,
          "f1": 0.5909,
          "auc_macro": 0.875,
          "auc_micro": 0.8314,
          "note": "Best checkpoint"
        },
        {
          "model_name": "p+CNN",
          "fold": 5,
          "checkpoint_iter": 8000,
          "accuracy": 0.6923,
          "precision": 0.6833,
          "recall": 0.6833,
          "f1": 0.6833,
          "auc_macro": 0.7824,
          "auc_micro": 0.7959,
          "note": "Best checkpoint"
        }
      ]
    },
    {
      "model_name": "p+CNN+Tintro",
      "summary": {
        "accuracy_mean": 0.43634000000000006,
        "accuracy_std": 0.06805540683883979,
        "accuracy_values": [
          0.4545,
          0.3636,
          0.4545,
          0.5455,
          0.3636
        ],
        "precision_mean": 0.42047999999999996,
        "precision_std": 0.08784596518907399,
        "precision_values": [
          0.3095,
          0.4833,
          0.3651,
          0.5556,
          0.3889
        ],
        "recall_mean": 0.44444,
        "recall_std": 0.08605769227675117,
        "recall_values": [
          0.4167,
          0.3611,
          0.5,
          0.5832999999999999,
          0.3611
        ],
        "f1_mean": 0.40198,
        "f1_std": 0.06339234654120324,
        "f1_values": [
          0.34850000000000003,
          0.39149999999999996,
          0.39049999999999996,
          0.5238,
          0.3556
        ],
        "auc_macro_mean": 0.6269600000000001,
        "auc_macro_std": 0.05385709238345497,
        "auc_macro_values": [
          0.7063,
          0.6528,
          0.5456,
          0.6329,
          0.5972
        ],
        "auc_micro_mean": 0.66114,
        "auc_micro_std": 0.03990050626245238,
        "auc_micro_values": [
          0.6694,
          0.7025,
          0.6405,
          0.6983,
          0.595
        ]
      },
      "individual_results": [
        {
          "model_name": "p+CNN+Tintro",
          "fold": 1,
          "checkpoint_iter": 1500,
          "accuracy": 0.4545,
          "precision": 0.3095,
          "recall": 0.4167,
          "f1": 0.34850000000000003,
          "auc_macro": 0.7063,
          "auc_micro": 0.6694,
          "note": "Best checkpoint"
        },
        {
          "model_name": "p+CNN+Tintro",
          "fold": 2,
          "checkpoint_iter": 500,