{
  "All_Trainable": {
    "overall_accuracy_mean": 67.144,
    "overall_accuracy_std": 3.6502799892610995,
    "overall_accuracy_values": [
      64.29,
      69.23,
      71.43,
      61.54,
      69.23
    ],
    "precision_macro_mean": 71.756,
    "precision_macro_std": 7.282006866242299,
    "precision_macro_values": [
      66.67,
      77.38,
      79.17,
      60.0,
      75.56
    ],
    "recall_macro_mean": 68.11,
    "recall_macro_std": 3.677896137739618,
    "recall_macro_values": [
      66.67,
      73.33,
      70.0,
      62.22,
      68.33
    ],
    "f1_macro_mean": 66.504,
    "f1_macro_std": 3.854283850470799,
    "f1_macro_values": [
      63.37,
      69.84,
      70.09,
      60.53,
      68.69
    ],
    "cohen_kappa_mean": 0.5787199999999999,
    "cohen_kappa_std": 0.03345201937103349,
    "cohen_kappa_values": [
      0.6154,
      0.6232,
      0.5455,
      0.5578,
      0.5517
    ],
    "auc_macro_mean": 0.71112,
    "auc_macro_std": 0.03264428893390086,
    "auc_macro_values": [
      0.7556,
      0.7417,
      0.6685,
      0.6889,
      0.7009
    ],
    "auc_micro_mean": 0.7348399999999999,
    "auc_micro_std": 0.05476208907629437,
    "auc_micro_values": [
      0.824,
      0.7692,
      0.6786,
      0.716,
      0.6864
    ],
    "frail_sensitivity_mean": 73.334,
    "frail_sensitivity_std": 22.60757005960614,
    "frail_sensitivity_values": [
      100.0,
      100.0,
      50.0,
      66.67,
      50.0
    ],
    "frail_specificity_mean": 94.0,
    "frail_specificity_std": 8.0,
    "frail_specificity_values": [
      100.0,
      90.0,
      100.0,
      80.0,
      100.0
    ],
    "frail_precision_mean": 85.0,
    "frail_precision_std": 20.0,
    "frail_precision_values": [
      100.0,
      75.0,
      100.0,
      50.0,
      100.0
    ],
    "prefrail_sensitivity_mean": 63.0,
    "prefrail_sensitivity_std": 28.91366458960192,
    "prefrail_sensitivity_values": [
      20.0,
      80.0,
      100.0,
      40.0,
      75.0
    ],
    "prefrail_specificity_mean": 74.168,
    "prefrail_specificity_std": 9.196067420370515,
    "prefrail_specificity_values": [
      88.89,
      62.5,
      66.67,
      75.0,
      77.78
    ],
    "prefrail_precision_mean": 55.928,
    "prefrail_precision_std": 5.1288142879226974,
    "prefrail_precision_values": [
      50.0,
      57.14,
      62.5,
      50.0,
      60.0
    ],
    "nonfrail_sensitivity_mean": 68.0,
    "nonfrail_sensitivity_std": 16.0,
    "nonfrail_sensitivity_values": [
      80.0,
      40.0,
      60.0,
      80.0,
      80.0
    ],
    "nonfrail_specificity_mean": 81.39,
    "nonfrail_specificity_std": 15.152129883287035,
    "nonfrail_specificity_values": [
      55.56,
      100.0,
      88.89,
      87.5,
      75.0
    ],
    "nonfrail_precision_mean": 74.334,
    "nonfrail_precision_std": 16.38396240230061,
    "nonfrail_precision_values": [
      50.0,
      100.0,
      75.0,
      80.0,
      66.67
    ]
  },
  "Early_Frozen": {
    "overall_accuracy_mean": 61.102,
    "overall_accuracy_std": 3.8288870445600782,
    "overall_accuracy_values": [
      64.29,
      61.54,
      64.29,
      61.54,
      53.85
    ],
    "precision_macro_mean": 54.754,
    "precision_macro_std": 9.461202037796255,
    "precision_macro_values": [
      50.0,
      40.83,
      66.67,
      63.89,
      52.38
    ],
    "recall_macro_mean": 63.336,
    "recall_macro_std": 5.868749781682637,
    "recall_macro_values": [
      66.67,
      66.67,
      65.0,
      66.67,
      51.67
    ],
    "f1_macro_mean": 57.16200000000001,
    "f1_macro_std": 6.208582446903642,
    "f1_macro_values": [
      55.56,
      50.64,
      65.4,
      63.42,
      50.79
    ],
    "cohen_kappa_mean": 0.5227600000000001,
    "cohen_kappa_std": 0.08885065222045362,
    "cohen_kappa_values": [
      0.6316,
      0.6012,
      0.4368,
      0.539,
      0.4052
    ],
    "auc_macro_mean": 0.76296,
    "auc_macro_std": 0.03240966522505283,
    "auc_macro_values": [
      0.7926,
      0.7194,
      0.7278,
      0.7917,
      0.7833
    ],
    "auc_micro_mean": 0.77884,
    "auc_micro_std": 0.031217020998167005,
    "auc_micro_values": [
      0.8189,
      0.7692,
      0.7321,
      0.7663,
      0.8077
    ],
    "frail_sensitivity_mean": 85.0,
    "frail_sensitivity_std": 20.0,
    "frail_sensitivity_values": [
      100.0,
      100.0,
      75.0,
      100.0,
      50.0
    ],
    "frail_specificity_mean": 89.77799999999999,
    "frail_specificity_std": 6.340121134489466,
    "frail_specificity_values": [
      100.0,
      80.0,
      90.0,
      90.0,
      88.89
    ],
    "frail_precision_mean": 75.334,
    "frail_precision_std": 13.55604012977241,
    "frail_precision_values": [
      100.0,
      60.0,
      75.0,
      75.0,
      66.67
    ],
    "prefrail_sensitivity_mean": 29.0,
    "prefrail_sensitivity_std": 26.90724809414742,
    "prefrail_sensitivity_values": [
      0.0,
      0.0,
      60.0,
      60.0,
      25.0
    ],
    "prefrail_specificity_mean": 85.83399999999999,
    "prefrail_specificity_std": 14.283085941070299,
    "prefrail_specificity_values": [
      100.0,
      100.0,
      88.89,
      62.5,
      77.78
    ],
    "prefrail_precision_mean": 31.665999999999997,
    "prefrail_precision_std": 29.059288084879157,
    "prefrail_precision_values": [
      0.0,
      0.0,
      75.0,
      50.0,
      33.33
    ],
    "nonfrail_sensitivity_mean": 76.0,
    "nonfrail_sensitivity_std": 23.323807579381203,
    "nonfrail_sensitivity_values": [
      100.0,
      100.0,
      60.0,
      40.0,
      80.0
    ],
    "nonfrail_specificity_mean": 64.72200000000001,
    "nonfrail_specificity_std": 13.73947655480368,
    "nonfrail_specificity_values": [
      44.44,
      62.5,
      66.67,
      87.5,
      62.5
    ],
    "nonfrail_precision_mean": 57.262,
    "nonfrail_precision_std": 6.654852064471457,
    "nonfrail_precision_values": [
      50.0,
      62.5,
      50.0,
      66.67,
      57.14
    ]
  },
  "First_Layer_Frozen": {
    "overall_accuracy_mean": 62.64,
    "overall_accuracy_std": 5.046725671165415,
    "overall_accuracy_values": [
      64.29,
      61.54,
      64.29,
      53.85,
      69.23
    ],
    "precision_macro_mean": 59.888,
    "precision_macro_std": 9.163914883934703,
    "precision_macro_values": [
      50.0,
      58.89,
      72.22,
      50.0,
      68.33
    ],
    "recall_macro_mean": 64.446,
    "recall_macro_std": 4.566086289153983,
    "recall_macro_values": [
      66.67,
      66.67,
      65.0,
      55.56,
      68.33
    ],
    "f1_macro_mean": 59.513999999999996,
    "f1_macro_std": 5.839228031169873,
    "f1_macro_values": [
      55.56,
      58.77,
      63.29,
      51.62,
      68.33
    ],
    "cohen_kappa_mean": 0.56572,
    "cohen_kappa_std": 0.07638715598842519,
    "cohen_kappa_values": [
      0.6316,
      0.586,
      0.4731,
      0.48,
      0.6579
    ],
    "auc_macro_mean": 0.7442400000000001,
    "auc_macro_std": 0.08553129485749647,
    "auc_macro_values": [
      0.8889,
      0.75,
      0.6444,
      0.6722,
      0.7657
    ],
    "auc_micro_mean": 0.76122,
    "auc_micro_std": 0.059392571926125556,
    "auc_micro_values": [
      0.852,
      0.7751,
      0.676,
      0.7219,
      0.7811
    ],
    "frail_sensitivity_mean": 83.334,
    "frail_sensitivity_std": 13.943536997476645,
    "frail_sensitivity_values": [
      100.0,
      100.0,
      75.0,
      66.67,
      75.0
    ],
    "frail_specificity_mean": 83.77799999999999,
    "frail_specificity_std": 10.07636521767646,
    "frail_specificity_values": [
      100.0,
      80.0,
      70.0,
      80.0,
      88.89
    ],
    "frail_precision_mean": 67.0,
    "frail_precision_std": 18.867962264113206,
    "frail_precision_values": [
      100.0,
      60.0,
      50.0,
      50.0,
      75.0
    ],
    "prefrail_sensitivity_mean": 26.0,
    "prefrail_sensitivity_std": 17.435595774162696,