{
  "B1": {
    "overall_accuracy_mean": 65.82400000000001,
    "overall_accuracy_std": 6.7946996990301205,
    "overall_accuracy_values": [
      64.29,
      61.54,
      57.14,
      76.92,
      69.23
    ],
    "precision_macro_mean": 60.388,
    "precision_macro_std": 14.433066756583647,
    "precision_macro_values": [
      50.0,
      40.83,
      58.33,
      80.56,
      72.22
    ],
    "recall_macro_mean": 67.66799999999999,
    "recall_macro_std": 7.422458891768952,
    "recall_macro_values": [
      66.67,
      66.67,
      56.67,
      80.0,
      68.33
    ],
    "f1_macro_mean": 62.35,
    "f1_macro_std": 10.542087079890775,
    "f1_macro_values": [
      55.56,
      50.64,
      57.07,
      79.8,
      68.68
    ],
    "cohen_kappa_mean": 0.60172,
    "cohen_kappa_std": 0.10483879816174925,
    "cohen_kappa_values": [
      0.6316,
      0.6012,
      0.4096,
      0.7273,
      0.6389
    ],
    "auc_macro_mean": 0.7022,
    "auc_macro_std": 0.0764040836604955,
    "auc_macro_values": [
      0.7333,
      0.6444,
      0.5843,
      0.7583,
      0.7907
    ],
    "auc_micro_mean": 0.7475000000000002,
    "auc_micro_std": 0.07410346820493625,
    "auc_micro_values": [
      0.8112,
      0.7396,
      0.6097,
      0.8107,
      0.7663
    ],
    "frail_sensitivity_mean": 80.0,
    "frail_sensitivity_std": 24.49489742783178,
    "frail_sensitivity_values": [
      100.0,
      100.0,
      50.0,
      100.0,
      50.0
    ],
    "frail_specificity_mean": 89.77799999999999,
    "frail_specificity_std": 8.955285366754094,
    "frail_specificity_values": [
      100.0,
      80.0,
      80.0,
      100.0,
      88.89
    ],
    "frail_precision_mean": 75.334,
    "frail_precision_std": 20.827055096676535,
    "frail_precision_values": [
      100.0,
      60.0,
      50.0,
      100.0,
      66.67
    ],
    "prefrail_sensitivity_mean": 39.0,
    "prefrail_sensitivity_std": 32.31098884280702,
    "prefrail_sensitivity_values": [
      0.0,
      0.0,
      60.0,
      60.0,
      75.0
    ],
    "prefrail_specificity_mean": 84.168,
    "prefrail_specificity_std": 14.998444452675749,
    "prefrail_specificity_values": [
      100.0,
      100.0,
      66.67,
      87.5,
      66.67
    ],
    "prefrail_precision_mean": 35.0,
    "prefrail_precision_std": 30.0,
    "prefrail_precision_values": [
      0.0,
      0.0,
      50.0,
      75.0,
      50.0
    ],
    "nonfrail_sensitivity_mean": 84.0,
    "nonfrail_sensitivity_std": 14.966629547095765,
    "nonfrail_sensitivity_values": [
      100.0,
      100.0,
      60.0,
      80.0,
      80.0
    ],
    "nonfrail_specificity_mean": 74.166,
    "nonfrail_specificity_std": 19.517263742645895,
    "nonfrail_specificity_values": [
      44.44,
      62.5,
      88.89,
      75.0,
      100.0
    ],
    "nonfrail_precision_mean": 70.834,
    "nonfrail_precision_std": 16.666500052500524,
    "nonfrail_precision_values": [
      50.0,
      62.5,
      75.0,
      66.67,
      100.0
    ]
  },
  "B2": {
    "overall_accuracy_mean": 64.28600000000002,
    "overall_accuracy_std": 4.63663930018284,
    "overall_accuracy_values": [
      64.29,
      61.54,
      57.14,
      69.23,
      69.23
    ],
    "precision_macro_mean": 58.275999999999996,
    "precision_macro_std": 11.934302828401833,
    "precision_macro_values": [
      50.0,
      40.83,
      58.33,
      73.33,
      68.89
    ],
    "recall_macro_mean": 66.33399999999999,
    "recall_macro_std": 5.413810488001957,
    "recall_macro_values": [
      66.67,
      66.67,
      56.67,
      73.33,
      68.33
    ],
    "f1_macro_mean": 60.908,
    "f1_macro_std": 8.396645520682647,
    "f1_macro_values": [
      55.56,
      50.64,
      57.07,
      73.33,
      67.94
    ],
    "cohen_kappa_mean": 0.5657599999999999,
    "cohen_kappa_std": 0.08244885930078112,
    "cohen_kappa_values": [
      0.6316,
      0.6012,
      0.4096,
      0.6286,
      0.5578
    ],
    "auc_macro_mean": 0.7257399999999999,
    "auc_macro_std": 0.08810542775561561,
    "auc_macro_values": [
      0.7556,
      0.6944,
      0.5694,
      0.8,
      0.8093
    ],
    "auc_micro_mean": 0.7683,
    "auc_micro_std": 0.08583036758630361,
    "auc_micro_values": [
      0.8189,
      0.784,
      0.5995,
      0.8314,
      0.8077
    ],
    "frail_sensitivity_mean": 80.0,
    "frail_sensitivity_std": 24.49489742783178,
    "frail_sensitivity_values": [
      100.0,
      100.0,
      50.0,
      100.0,
      50.0
    ],
    "frail_specificity_mean": 89.77799999999999,
    "frail_specificity_std": 8.955285366754094,
    "frail_specificity_values": [
      100.0,
      80.0,
      80.0,
      100.0,
      88.89
    ],
    "frail_precision_mean": 75.334,
    "frail_precision_std": 20.827055096676535,
    "frail_precision_values": [
      100.0,
      60.0,
      50.0,
      100.0,
      66.67
    ],
    "prefrail_sensitivity_mean": 39.0,
    "prefrail_sensitivity_std": 32.31098884280702,
    "prefrail_sensitivity_values": [
      0.0,
      0.0,
      60.0,
      60.0,
      75.0
    ],
    "prefrail_specificity_mean": 83.89000000000001,
    "prefrail_specificity_std": 13.652522111317014,
    "prefrail_specificity_values": [
      100.0,
      100.0,
      66.67,
      75.0,
      77.78
    ],
    "prefrail_precision_mean": 34.0,
    "prefrail_precision_std": 28.0,
    "prefrail_precision_values": [
      0.0,
      0.0,
      50.0,
      60.0,
      60.0
    ],
    "nonfrail_sensitivity_mean": 80.0,
    "nonfrail_sensitivity_std": 17.88854381999832,
    "nonfrail_sensitivity_values": [
      100.0,
      100.0,
      60.0,
      60.0,
      80.0
    ],
    "nonfrail_specificity_mean": 71.666,
    "nonfrail_specificity_std": 16.635912478731065,
    "nonfrail_specificity_values": [
      44.44,
      62.5,
      88.89,
      75.0,
      87.5
    ],
    "nonfrail_precision_mean": 65.5,
    "nonfrail_precision_std": 10.770329614269007,
    "nonfrail_precision_values": [
      50.0,
      62.5,
      75.0,
      60.0,
      80.0
    ]
  },
  "B4": {
    "overall_accuracy_mean": 67.144,
    "overall_accuracy_std": 6.081034780364277,
    "overall_accuracy_values": [
      71.43,
      61.54,
      64.29,
      76.92,
      61.54
    ],
    "precision_macro_mean": 71.372,
    "precision_macro_std": 16.719866506644124,
    "precision_macro_values": [
      85.19,
      40.83,
      69.05,
      87.5,
      74.29
    ],
    "recall_macro_mean": 68.666,
    "recall_macro_std": 7.180096378183234,
    "recall_macro_values": [
      73.33,
      66.67,
      63.33,
      80.0,
      60.0
    ],
    "f1_macro_mean": 63.79600000000001,
    "f1_macro_std": 9.238927643401045,
    "f1_macro_values": [
      68.25,
      50.64,
      63.89,
      78.02,
      58.18
    ],
    "cohen_kappa_mean": 0.60908,
    "cohen_kappa_std": 0.09807120678364266,
    "cohen_kappa_values": [
      0.6989,
      0.6012,
      0.4815,
      0.7383,
      0.5255
    ],
    "auc_macro_mean": 0.7151799999999999,
    "auc_macro_std": 0.05126633983424212,
    "auc_macro_values": [
      0.763,
      0.6861,
      0.6435,
      0.7833,
      0.7
    ],
    "auc_micro_mean": 0.7631399999999999,
    "auc_micro_std": 0.06849515603310938,
    "auc_micro_values": [
      0.824,
      0.7929,
      0.6633,
      0.8343,
      0.7012
    ],
    "frail_sensitivity_mean": 75.0,
    "frail_sensitivity_std": 31.622776601683793,
    "frail_sensitivity_values": [
      100.0,
      100.0,
      50.0,
      100.0,
      25.0
    ],
    "frail_specificity_mean": 92.0,
    "frail_specificity_std": 9.797958971132712,
    "frail_specificity_values": [
      100.0,
      80.0,
      80.0,
      100.0,
      100.0
    ],
    "frail_precision_mean": 82.0,
    "frail_precision_std": 22.271057451320086,
    "frail_precision_values": [
      100.0,
      60.0,
      50.0,
      100.0,
      100.0
    ],
    "prefrail_sensitivity_mean": 43.0,
    "prefrail_sensitivity_std": 30.919249667480614,