{
  "overall_accuracy_mean": 70.43800000000002,
  "overall_accuracy_std": 8.254497925373778,
  "overall_accuracy_values": [
    64.29,
    76.92,
    57.14,
    76.92,
    76.92
  ],
  "precision_macro_mean": 72.31800000000001,
  "precision_macro_std": 12.589240485430405,
  "precision_macro_values": [
    50.0,
    82.14,
    66.67,
    80.56,
    82.22
  ],
  "recall_macro_mean": 72.00200000000001,
  "recall_macro_std": 9.090948025371171,
  "recall_macro_values": [
    66.67,
    80.0,
    56.67,
    80.0,
    76.67
  ],
  "f1_macro_mean": 68.51,
  "f1_macro_std": 10.422471875711636,
  "f1_macro_values": [
    55.56,
    75.4,
    56.23,
    79.8,
    75.56
  ],
  "cohen_kappa_mean": 0.6211,
  "cohen_kappa_std": 0.12868188683727014,
  "cohen_kappa_values": [
    0.6316,
    0.7451,
    0.3797,
    0.7153,
    0.6338
  ],
  "auc_macro_mean": 0.73834,
  "auc_macro_std": 0.07203228720511379,
  "auc_macro_values": [
    0.7556,
    0.7111,
    0.6139,
    0.7917,
    0.8194
  ],
  "auc_micro_mean": 0.7725,
  "auc_micro_std": 0.06695069827865872,
  "auc_micro_values": [
    0.8291,
    0.7988,
    0.6429,
    0.8136,
    0.7781
  ],
  "frail_sensitivity_mean": 80.0,
  "frail_sensitivity_std": 24.49489742783178,
  "frail_sensitivity_values": [
    100.0,
    100.0,
    50.0,
    100.0,
    50.0
  ],
  "frail_specificity_mean": 94.0,
  "frail_specificity_std": 8.0,
  "frail_specificity_values": [
    100.0,
    90.0,
    80.0,
    100.0,
    100.0
  ],
  "frail_precision_mean": 85.0,
  "frail_precision_std": 20.0,
  "frail_precision_values": [
    100.0,
    75.0,
    50.0,
    100.0,
    100.0
  ],
  "prefrail_sensitivity_mean": 60.0,
  "prefrail_sensitivity_std": 35.77708763999664,
  "prefrail_sensitivity_values": [
    0.0,
    40.0,
    80.0,
    80.0,
    100.0
  ],
  "prefrail_specificity_mean": 81.668,
  "prefrail_specificity_std": 16.812679025069144,
  "prefrail_specificity_values": [
    100.0,
    100.0,
    55.56,
    75.0,
    77.78
  ],
  "prefrail_precision_mean": 56.668000000000006,
  "prefrail_precision_std": 32.6602715236723,
  "prefrail_precision_values": [
    0.0,
    100.0,
    50.0,
    66.67,
    66.67
  ],
  "nonfrail_sensitivity_mean": 76.0,
  "nonfrail_sensitivity_std": 23.323807579381203,
  "nonfrail_sensitivity_values": [
    100.0,
    100.0,
    40.0,
    60.0,
    80.0
  ],
  "nonfrail_specificity_mean": 78.888,
  "nonfrail_specificity_std": 18.951680031068484,
  "nonfrail_specificity_values": [
    44.44,
    75.0,
    100.0,
    87.5,
    87.5
  ],
  "nonfrail_precision_mean": 75.286,
  "nonfrail_precision_std": 16.045783994557574,
  "nonfrail_precision_values": [
    50.0,
    71.43,
    100.0,
    75.0,
    80.0
  ]
}