{
  "UF": {
    "overall_accuracy_mean": 67.36200000000001,
    "overall_accuracy_std": 8.130595058173787,
    "overall_accuracy_values": [
      64.29,
      61.54,
      57.14,
      76.92,
      76.92
    ],
    "precision_macro_mean": 64.056,
    "precision_macro_std": 16.40831569662164,
    "precision_macro_values": [
      50.0,
      40.83,
      66.67,
      80.56,
      82.22
    ],
    "recall_macro_mean": 69.336,
    "recall_macro_std": 8.272256282296867,
    "recall_macro_values": [
      66.67,
      66.67,
      56.67,
      80.0,
      76.67
    ],
    "f1_macro_mean": 63.55800000000001,
    "f1_macro_std": 11.76769204219757,
    "f1_macro_values": [
      55.56,
      50.64,
      56.23,
      79.8,
      75.56
    ],
    "cohen_kappa_mean": 0.59232,
    "cohen_kappa_std": 0.11284831234892263,
    "cohen_kappa_values": [
      0.6316,
      0.6012,
      0.3797,
      0.7153,
      0.6338
    ],
    "auc_macro_mean": 0.7387,
    "auc_macro_std": 0.07073802372133392,
    "auc_macro_values": [
      0.7407,
      0.7278,
      0.6139,
      0.7917,
      0.8194
    ],
    "auc_micro_mean": 0.7720800000000001,
    "auc_micro_std": 0.06637256662206154,
    "auc_micro_values": [
      0.824,
      0.8018,
      0.6429,
      0.8136,
      0.7781
    ],
    "frail_sensitivity_mean": 80.0,
    "frail_sensitivity_std": 24.49489742783178,
    "frail_sensitivity_values": [
      100.0,
      100.0,
      50.0,
      100.0,
      50.0
    ],
    "frail_specificity_mean": 92.0,
    "frail_specificity_std": 9.797958971132712,
    "frail_specificity_values": [
      100.0,
      80.0,
      80.0,
      100.0,
      100.0
    ],
    "frail_precision_mean": 82.0,
    "frail_precision_std": 22.271057451320086,
    "frail_precision_values": [
      100.0,
      60.0,
      50.0,
      100.0,
      100.0
    ],
    "prefrail_sensitivity_mean": 52.0,
    "prefrail_sensitivity_std": 43.08131845707603,
    "prefrail_sensitivity_values": [
      0.0,
      0.0,
      80.0,
      80.0,
      100.0
    ],
    "prefrail_specificity_mean": 81.668,
    "prefrail_specificity_std": 16.812679025069144,
    "prefrail_specificity_values": [
      100.0,
      100.0,
      55.56,
      75.0,
      77.78
    ],
    "prefrail_precision_mean": 36.668,
    "prefrail_precision_std": 30.551813955966676,
    "prefrail_precision_values": [
      0.0,
      0.0,
      50.0,
      66.67,
      66.67
    ],
    "nonfrail_sensitivity_mean": 76.0,
    "nonfrail_sensitivity_std": 23.323807579381203,
    "nonfrail_sensitivity_values": [
      100.0,
      100.0,
      40.0,
      60.0,
      80.0
    ],
    "nonfrail_specificity_mean": 76.388,
    "nonfrail_specificity_std": 20.089952115423273,
    "nonfrail_specificity_values": [
      44.44,
      62.5,
      100.0,
      87.5,
      87.5
    ],
    "nonfrail_precision_mean": 73.5,
    "nonfrail_precision_std": 16.852299546352718,
    "nonfrail_precision_values": [
      50.0,
      62.5,
      100.0,
      75.0,
      80.0
    ]
  },
  "pCNN": {
    "overall_accuracy_mean": 67.362,
    "overall_accuracy_std": 10.340155511403106,
    "overall_accuracy_values": [
      71.43,
      61.54,
      50.0,
      76.92,
      76.92
    ],
    "precision_macro_mean": 66.982,
    "precision_macro_std": 17.983247092780548,
    "precision_macro_values": [
      85.19,
      40.83,
      50.0,
      80.56,
      78.33
    ],
    "recall_macro_mean": 69.334,
    "recall_macro_std": 10.624960423455704,
    "recall_macro_values": [
      73.33,
      66.67,
      50.0,
      80.0,
      76.67
    ],
    "f1_macro_mean": 65.10799999999999,
    "f1_macro_std": 12.658406534789439,
    "f1_macro_values": [
      68.25,
      50.64,
      50.0,
      79.8,
      76.85
    ],
    "cohen_kappa_mean": 0.61898,
    "cohen_kappa_std": 0.14654683074021083,
    "cohen_kappa_values": [
      0.6989,
      0.6012,
      0.3412,
      0.7153,
      0.7383
    ],
    "auc_macro_mean": 0.73276,
    "auc_macro_std": 0.08659320065686449,
    "auc_macro_values": [
      0.7926,
      0.6861,
      0.5833,
      0.8083,
      0.7935
    ],
    "auc_micro_mean": 0.77904,
    "auc_micro_std": 0.09095125287757173,
    "auc_micro_values": [
      0.8495,
      0.7899,
      0.602,
      0.8136,
      0.8402
    ],
    "frail_sensitivity_mean": 85.0,
    "frail_sensitivity_std": 20.0,
    "frail_sensitivity_values": [
      100.0,
      100.0,
      50.0,
      100.0,
      75.0
    ],
    "frail_specificity_mean": 89.77799999999999,
    "frail_specificity_std": 8.955285366754094,
    "frail_specificity_values": [
      100.0,
      80.0,
      80.0,
      100.0,
      88.89
    ],
    "frail_precision_mean": 77.0,
    "frail_precision_std": 20.396078054371138,
    "frail_precision_values": [
      100.0,
      60.0,
      50.0,
      100.0,
      75.0
    ],
    "prefrail_sensitivity_mean": 43.0,
    "prefrail_sensitivity_std": 30.919249667480614,
    "prefrail_sensitivity_values": [
      20.0,
      0.0,
      40.0,
      80.0,
      75.0
    ],
    "prefrail_specificity_mean": 83.89000000000001,
    "prefrail_specificity_std": 13.652522111317014,
    "prefrail_specificity_values": [
      100.0,
      100.0,
      66.67,
      75.0,
      77.78
    ],
    "prefrail_precision_mean": 53.334,
    "prefrail_precision_std": 32.93117404527206,
    "prefrail_precision_values": [
      100.0,
      0.0,
      40.0,
      66.67,
      60.0
    ],
    "nonfrail_sensitivity_mean": 80.0,
    "nonfrail_sensitivity_std": 17.88854381999832,
    "nonfrail_sensitivity_values": [
      100.0,
      100.0,
      60.0,
      60.0,
      80.0
    ],
    "nonfrail_specificity_mean": 76.668,
    "nonfrail_specificity_std": 16.181661719366154,
    "nonfrail_specificity_values": [
      55.56,
      62.5,
      77.78,
      87.5,
      100.0
    ],
    "nonfrail_precision_mean": 70.612,
    "nonfrail_precision_std": 16.049242225102095,
    "nonfrail_precision_values": [
      55.56,
      62.5,
      60.0,
      75.0,
      100.0
    ]
  },
  "Tintro": {
    "overall_accuracy_mean": 64.396,
    "overall_accuracy_std": 8.895289989651827,
    "overall_accuracy_values": [
      64.29,
      61.54,
      50.0,
      76.92,
      69.23
    ],
    "precision_macro_mean": 58.278,
    "precision_macro_std": 14.665442918643816,
    "precision_macro_values": [
      50.0,
      40.83,
      50.0,
      80.56,
      70.0
    ],
    "recall_macro_mean": 66.334,
    "recall_macro_std": 9.568374156563904,
    "recall_macro_values": [
      66.67,
      66.67,
      50.0,
      80.0,
      68.33
    ],
    "f1_macro_mean": 60.903999999999996,
    "f1_macro_std": 11.55740039974388,
    "f1_macro_values": [
      55.56,
      50.64,
      50.0,
      79.8,
      68.52
    ],
    "cohen_kappa_mean": 0.59032,
    "cohen_kappa_std": 0.13014169816012086,
    "cohen_kappa_values": [
      0.6316,
      0.6012,
      0.3412,
      0.7153,
      0.6623
    ],
    "auc_macro_mean": 0.69572,
    "auc_macro_std": 0.07980354378096254,
    "auc_macro_values": [
      0.7111,
      0.6944,
      0.5537,
      0.8,
      0.7194
    ],
    "auc_micro_mean": 0.75126,
    "auc_micro_std": 0.08382144355712325,
    "auc_micro_values": [
      0.7883,
      0.7959,
      0.5893,
      0.8254,
      0.7574
    ],
    "frail_sensitivity_mean": 85.0,
    "frail_sensitivity_std": 20.0,
    "frail_sensitivity_values": [
      100.0,
      100.0,
      50.0,
      100.0,
      75.0
    ],
    "frail_specificity_mean": 87.556,
    "frail_specificity_std": 10.19276920174297,
    "frail_specificity_values": [
      100.0,
      80.0,
      80.0,
      100.0,
      77.78
    ],
    "frail_precision_mean": 74.0,
    "frail_precision_std": 21.540659228538015,
    "frail_precision_values": [
      100.0,
      60.0,
      50.0,
      100.0,
      60.0
    ],
    "prefrail_sensitivity_mean": 34.0,
    "prefrail_sensitivity_std": 30.72458299147443,